accession,ubc_F,mo_id,f_in_bbm,ubc_cites_accession,genbank_fetched,voucher_cites_F,breakdown
HQ604349,F19114,211765,True,False,True,True,01
HQ604227,F19358,75096,True,False,True,True,01
HQ604483,F19202,210415,True,False,True,True,01
HQ604484,F19221,210247,True,False,True,True,01
HQ604807,F19470,202702,True,False,True,True,01
HQ604426,F19454,191206,True,False,True,True,01
HQ604444,F19321,157560,True,False,True,False,01
HQ604596,F19317,157533,True,False,True,True,01
HQ604373,F19301,157365,True,False,True,True,01
HQ604805,F19294,157334,True,False,True,True,01
GQ159869,F17126,132645,True,False,True,True,01
HQ604471,F19631,131752,True,False,True,True,01
GQ159786,F17197,97460,True,False,True,True,01
HQ604329,F19659,74905,True,False,True,True,01
HQ604539,F19499,72828,True,False,True,True,01
GQ159841,F17255,65087,True,False,True,True,01
HQ604534,F19493,66965,True,False,True,True,01
HQ604250,F19297,66959,True,False,True,True,01
HQ604122,F19368,66321,True,False,True,True,01
HQ604338,F19258,66305,True,False,True,True,01
HQ604723,F19621,66116,True,False,True,True,01
FJ039584,F16363,167609,True,False,True,False,01
HQ604521,F19656,64914,True,False,True,True,01
HQ604715,F19584,166513,True,False,True,True,01
HQ604092,F19355,64022,True,False,True,True,01
GQ159846,F17260,218853,True,False,True,True,01
GQ159884,F17141,215759,True,False,True,False,01
HQ604330,F19111,211763,True,False,True,True,01
HQ604460,F19094,211745,True,False,True,True,01
HQ604083,F18992,211743,True,False,True,True,01
HQ604477,F18954,210516,True,False,True,True,01
HQ604481,F18984,210512,True,False,True,True,01
HQ604478,F19107,210509,True,False,True,True,01
HQ604485,F18974,210467,True,False,True,True,01
HQ604488,F19030,210458,True,False,True,True,01
HQ604489,F19043,210452,True,False,True,True,01
HQ604482,F19182,210419,True,False,True,True,01
HQ604589,F19060,210361,True,False,True,True,01
HQ604479,F19079,210355,True,False,True,True,01
HQ604480,F19553,210193,True,False,True,True,01
HQ604654,F19618,162109,True,False,True,True,01
HQ604578,F19266,209961,True,False,True,True,01
HQ604553,F19645,202610,True,False,True,True,01
HQ604384,F19232,198385,True,False,True,True,01
GQ159798,F17209,198376,True,False,True,True,01
HQ604652,F19215,156421,True,False,True,True,01
GQ159836,F17250,156418,True,False,True,True,01
GQ159834,F17248,156401,True,False,True,True,01
HQ604433,F19214,195910,True,False,True,True,01
HQ604256,F19304,195478,True,False,True,True,01
GQ159892,F17149,192983,True,False,True,True,01
GQ159832,F17246,156380,True,False,True,True,01
HQ604185,F19450,191211,True,False,True,True,01
FJ157039,F15889,107411,True,False,True,False,01
FJ039585,F16364,74819,True,False,True,False,01
HQ604437,F19402,174386,True,False,True,True,01
HQ604599,F19397,174321,True,False,True,True,01
HQ604291,F19383,173831,True,False,True,True,01
HQ604476,F19382,173822,True,False,True,True,01
HQ604505,F19385,173820,True,False,True,True,01
HQ604528,F19378,173754,True,False,True,True,01
HQ604473,F19377,173690,True,False,True,True,01
GQ159828,F17242,173254,True,False,True,True,01
HQ604786,F19439,171758,True,False,True,True,01
HQ604369,F19437,171755,True,False,True,True,01
HQ604215,F19436,171614,True,False,True,True,01
GQ159815,F17227,171564,True,False,True,True,01
FJ039539,F16318,72869,True,False,True,False,01
HQ604341,F19611,167151,True,False,True,True,01
HQ604737,F19593,166825,True,False,True,True,01
HQ604139,F19544,166543,True,False,True,True,01
FJ039597,F16376,72850,True,False,True,False,01
HQ604234,F19176,164104,True,False,True,True,01
HQ604403,F19623,163818,True,False,True,True,01
HQ604682,F19524,242846,True,False,True,True,01
HQ604375,F19344,157845,True,False,True,True,01
HQ604378,F19346,157844,True,False,True,True,01
HQ604777,F19329,157828,True,False,True,True,01
HQ604848,F19981,196108,True,False,True,True,01
GQ159852,F17266,72690,True,False,True,True,01
HQ604428,F19326,157814,True,False,True,True,01
HQ604434,F19325,157813,True,False,True,True,01
HQ604233,F19323,157811,True,False,True,True,01
HQ604397,F19322,157562,True,False,True,True,01
HQ604809,F19327,157552,True,False,True,True,01
HQ604255,F19316,157463,True,False,True,True,01
HQ604239,F19315,157462,True,False,True,True,01
HQ604307,F19312,157460,True,False,True,True,01
HQ604404,F19303,157406,True,False,True,True,01
HQ604392,F19058,157387,True,False,True,True,01
HQ604253,F19299,157366,True,False,True,True,01
HQ604472,F19295,157333,True,False,True,True,01
HQ604467,F19290,157332,True,False,True,True,01
HQ604238,F19293,157328,True,False,True,True,01
HQ604243,F19287,157308,True,False,True,True,01
HQ604509,F19288,157309,True,False,True,True,01
GQ159806,F17217,157226,True,False,True,True,01
HQ604214,F19281,157225,True,False,True,True,01
GQ159804,F17215,197223,True,False,True,True,01
HQ604117,F19274,157035,True,False,True,True,01
GQ159822,F17235,157026,True,False,True,True,01
HQ604580,F19271,157008,True,False,True,True,01
GQ159845,F17259,156907,True,False,True,True,01
FJ039679,F16458,156906,True,False,True,False,01
HQ604356,F19272,156850,True,False,True,True,01
HQ604535,F19270,156849,True,False,True,True,01
GQ159819,F17231,156843,True,False,True,True,01
GQ159817,F17229,156828,True,False,True,True,01
HQ604211,F19255,156780,True,False,True,True,01
HQ604179,F19257,156778,True,False,True,True,01
HQ604582,F19256,156777,True,False,True,True,01
GQ159768,F17178,156475,True,False,True,True,01
HQ604552,F19259,156771,True,False,True,True,01
HQ604098,F19246,156695,True,False,True,True,01
HQ604263,F19238,156683,True,False,True,True,01
HQ604093,F19235,156637,True,False,True,True,01
HQ604628,F19226,156504,True,False,True,True,01
HQ604639,F19223,156502,True,False,True,True,01
GQ159867,F17124,156165,True,False,True,True,01
GQ159803,F17214,156158,True,False,True,True,01
GQ159788,F17199,84614,True,False,True,True,01
GQ159825,F17238,76315,True,False,True,True,01
GQ159799,F17210,156383,True,False,True,True,01
GQ159856,F17113,156150,True,False,True,True,01
GQ159864,F17121,156145,True,False,True,True,01
GQ159794,F17205,156139,True,False,True,True,01
FJ039540,F16319,132649,True,False,True,False,01
HQ604722,F19620,132511,True,False,True,True,01
HQ604257,F19633,131754,True,False,True,True,01
HQ604463,F19627,131740,True,False,True,True,01
HQ604290,F19279,117800,True,False,True,True,01
HQ604288,F19157,117798,True,False,True,True,01
GQ159805,F17216,97542,True,False,True,True,01
HQ604819,F19130,97367,True,False,True,True,01
GQ159771,F17181,93581,True,False,True,True,01
GQ159830,F17244,93263,True,False,True,True,01
HQ604332,F19386,76050,True,False,True,True,01
HQ604475,F19375,76049,True,False,True,True,01
HQ604219,F19236,198034,True,False,True,True,01
HQ604436,F19233,75889,True,False,True,True,01
HQ604453,F19354,75671,True,False,True,True,01
HQ604592,F19812,210121,True,False,True,True,01
HQ604400,F19660,74998,True,False,True,True,01
HQ604510,F19655,74901,True,False,True,True,01
FJ157055,F15371,230586,True,False,True,False,01
GQ159824,F17237,73216,True,False,True,True,01
HQ604494,F19464,73209,True,False,True,True,01
HQ604635,F19465,73020,True,False,True,True,01
HQ604240,F19513,72900,True,False,True,True,01
HQ604787,F19521,72897,True,False,True,True,01
HQ604398,F19522,72889,True,False,True,True,01
HQ604559,F19512,64449,True,False,True,True,01
HQ604470,F19502,72858,True,False,True,True,01
HQ604396,F19441,71652,True,False,True,True,01
HQ604297,F19568,71409,True,False,True,True,01
HQ604618,F19239,69333,True,False,True,True,01
HQ604624,F19444,69267,True,False,True,True,01
HQ604622,F19519,69266,True,False,True,True,01
HQ604520,F19421,69087,True,False,True,True,01
GQ159896,F17153,255345,True,False,True,True,01
HQ604818,F19105,270173,True,False,True,True,01
HQ604741,F19710,302885,True,False,True,True,01
GQ159858,F17115,307595,True,False,True,True,01
HQ604416,F19217,156482,True,False,True,True,01
HQ604296,F19540,330089,True,False,True,True,01
HQ604370,F18973,344263,True,False,True,True,01
GQ159879,F17136,344950,True,False,True,True,01
FJ039554,F16333,367172,True,False,True,False,01
MZ817019,F24557,64347,True,False,True,True,01
HQ604312,F19216,156481,True,False,True,True,01
MZ970441,F27944,99127,True,False,True,True,01
MF955077,F28895,69906,True,False,True,False,01
HQ604142,F19222,196543,True,False,True,True,01
MF954668,F26568,65008,True,False,True,False,01
HQ604641,F18918,191409,True,False,True,True,01
HQ604359,F19260,156772,True,False,True,True,01
FJ039547,F16326,140003,True,False,True,False,01
MF955059,F25199,159753,True,False,True,False,01
MF954807,F26281,153552,True,False,True,False,01
HQ604331,F19276,157064,True,False,True,True,01
HQ604162,F19630,131748,True,False,True,True,01
MH718201,F28215,139454,True,False,True,False,01
MZ970440,F27466,68392,True,False,True,True,01
GQ159827,F17240,156142,True,False,True,True,01
MH718192,F22978,83025,True,False,True,True,01
GQ159881,F17138,239899,True,False,True,True,01
HQ604699,F19612,105277,True,False,True,True,01
FJ039595,F25079,187485,True,False,True,False,01
HQ604320,F25079,157825,True,False,True,False,01
KU900858,F25079,196677,True,False,True,False,01
KU900853,F25079,196677,True,False,True,False,01
KY026762,F25079,293813,True,False,True,False,01
KY026763,F25079,293813,True,False,True,False,01
MH718195,F25079,95658,True,False,True,False,01
KX592703,F23801,77609,True,True,True,True,
KX592704,F23801,77609,True,False,True,True,01
KX592705,F23801,77609,True,False,True,True,01
FJ039591,F16370,72823,True,False,True,False,01
HQ604593,F19817,,True,False,True,True,01
HQ604254,F19305,,True,False,True,True,01
FJ039551,F16330,140003,True,False,True,False,01
HQ604163,F19634,131748,True,False,True,True,01
HQ604642,F18922,191409,True,False,True,True,01
HQ604351,F19261,156772,True,False,True,True,01
HQ604339,F19267,,True,False,True,True,01
KP257157,F14444,66878,True,False,True,False,01
KP257150,F27879,,True,False,True,False,01
HQ604537,F19497,,True,False,True,False,01
FJ039596,F16374,,True,False,True,False,01
KU900859,F26416,196677,True,False,True,True,01
KU900854,F26416,196677,True,False,True,True,01
KU900860,F26416,196677,True,False,True,True,01
HQ604289,F19158,117798,True,False,True,True,01
